<?xml version="1.0" encoding="UTF-8" ?>
<!DOCTYPE log4j:configuration SYSTEM "log4j.dtd">
<log4j:configuration debug="true"
                     xmlns:log4j="http://jakarta.apache.org/log4j/">

    <appender name="console" class="org.apache.log4j.ConsoleAppender">
        <layout class="org.apache.log4j.PatternLayout">
            <param name="ConversionPattern"
                   value="%d{yyyy-MM-dd HH:mm:ss} %-5p %c{1}:%L - %m%n"/>
        </layout>
    </appender>

    <appender name="file" class="org.apache.log4j.FileAppender">
        <param name="File" value="DigitRecognizer_log4j1.2.log"/>
        <param name="Append" value="true"/>
        <layout class="org.apache.log4j.PatternLayout">
            <param name="ConversionPattern"
                   value="%d{yyyy-MM-dd HH:mm:ss} %-5p %c{1}:%L - %m%n"/>
        </layout>
    </appender>

    <logger name="ramo.klevis.log4j" additivity="false">
        <level value="ERROR"/>
        <appender-ref ref="file"/>
    </logger>

    <root>
        <level value="DEBUG"/>
        <appender-ref ref="console"/>
    </root>

</log4j:configuration>